Berkshire	8
synthesize	16
payment	10
deposit	14
bypass	19
Incredible Soft Tuna	null
reboot	null
Analyst	null
Specialist	3
intangible	21
Corporate	7
relationships	null
deposit	10
XSS	8
array	null
facilitate	null
moratorium	null
Avon	12
world-class	null
New Leu	null
interfaces	0
South Carolina	null
Reverse-engineered	null
protocol	9
indigo	null
bus	9
Ameliorated	24
capacitor	7
New York	7
Buckinghamshire	null
Legacy	1
Won	17
Port	null
Plastic	null
Ergonomic Wooden Shoes	18
Hat	17
override	null
Markets	17
Refined Granite Car	19
Bedfordshire	null
Intelligent Plastic Pizza	null
bluetooth	0
Codes specifically reserved for testing purposes	3
Concrete	null
Connecticut	24
Assistant	null
microchip	0
Handmade	15
analyzing	null
Handcrafted Rubber Hat	null
Frozen	6
iterate	null
Identity	3
sky blue	null
Progressive	13
XSS	null
firmware	null
Money Market Account	null
Handcrafted Rubber Sausages	14
Fantastic Plastic Cheese	null
Avon	6
Burundi Franc	11
withdrawal	null
encryption	16
orange	9
Belgium	null
teal	null
parse	null
sticky	null
Cotton	4
Seychelles Rupee	1
Exclusive	null
auxiliary	7
synergy	21
Administrator	0
solid state	null
Square	null
back up	23
Pass	1
Accounts	null
Cambridgeshire	19
application	22
metrics	5
Investment Account	21
bandwidth	21
Buckinghamshire	16
Auto Loan Account	10
Chicken	0
secondary	16
holistic	null
Village	null
HTTP	null
Buckinghamshire	21
reboot	8
content	24
Grass-roots	null
Kansas	6
intermediate	23
Rubber	24
Nicaragua	null
