string parameter is required!	string parameter is required!	string parameter is required!	azure	25
string parameter is required!	string parameter is required!	string parameter is required!	indigo	21
string parameter is required!	string parameter is required!	string parameter is required!	drive	11
string parameter is required!	string parameter is required!	string parameter is required!	navigate	13
string parameter is required!	string parameter is required!	string parameter is required!	aggregate	12
string parameter is required!	string parameter is required!	string parameter is required!	New Mexico	56
string parameter is required!	string parameter is required!	string parameter is required!	JBOD	79
string parameter is required!	string parameter is required!	string parameter is required!	pricing structure	91
string parameter is required!	string parameter is required!	string parameter is required!	invoice	18
string parameter is required!	string parameter is required!	string parameter is required!	Programmable	65
string parameter is required!	string parameter is required!	string parameter is required!	Pants	22
string parameter is required!	string parameter is required!	string parameter is required!	interfaces	41
string parameter is required!	string parameter is required!	string parameter is required!	Clothing	10
string parameter is required!	string parameter is required!	string parameter is required!	Refined Concrete Table	94
string parameter is required!	string parameter is required!	string parameter is required!	leverage	23
string parameter is required!	string parameter is required!	string parameter is required!	Incredible	81
string parameter is required!	string parameter is required!	string parameter is required!	deploy	21
string parameter is required!	string parameter is required!	string parameter is required!	web-enabled	19
string parameter is required!	string parameter is required!	string parameter is required!	Borders	49
string parameter is required!	string parameter is required!	string parameter is required!	Towels	1
string parameter is required!	string parameter is required!	string parameter is required!	Kids	34
string parameter is required!	string parameter is required!	string parameter is required!	Pitcairn Islands	12
string parameter is required!	string parameter is required!	string parameter is required!	Handcrafted Concrete Pizza	37
string parameter is required!	string parameter is required!	string parameter is required!	Manager	24
string parameter is required!	string parameter is required!	string parameter is required!	Internal	19
string parameter is required!	string parameter is required!	string parameter is required!	Cotton	64
string parameter is required!	string parameter is required!	string parameter is required!	Kwanza	19
string parameter is required!	string parameter is required!	string parameter is required!	zero tolerance	92
string parameter is required!	string parameter is required!	string parameter is required!	Bulgaria	28
string parameter is required!	string parameter is required!	string parameter is required!	Soft	62
string parameter is required!	string parameter is required!	string parameter is required!	Group	6
string parameter is required!	string parameter is required!	string parameter is required!	incubate	93
string parameter is required!	string parameter is required!	string parameter is required!	array	30
string parameter is required!	string parameter is required!	string parameter is required!	communities	19
string parameter is required!	string parameter is required!	string parameter is required!	Metal	22
string parameter is required!	string parameter is required!	string parameter is required!	Wooden	46
string parameter is required!	string parameter is required!	string parameter is required!	Curve	78
string parameter is required!	string parameter is required!	string parameter is required!	override	43
string parameter is required!	string parameter is required!	string parameter is required!	Re-contextualized	36
string parameter is required!	string parameter is required!	string parameter is required!	Cambridgeshire	46
string parameter is required!	string parameter is required!	string parameter is required!	Puerto Rico	20
string parameter is required!	string parameter is required!	string parameter is required!	database	7
string parameter is required!	string parameter is required!	string parameter is required!	parsing	16
string parameter is required!	string parameter is required!	string parameter is required!	Marshall Islands	85
string parameter is required!	string parameter is required!	string parameter is required!	HDD	50
string parameter is required!	string parameter is required!	string parameter is required!	proactive	49
string parameter is required!	string parameter is required!	string parameter is required!	plum	48
string parameter is required!	string parameter is required!	string parameter is required!	withdrawal	53
string parameter is required!	string parameter is required!	string parameter is required!	eyeballs	10
string parameter is required!	string parameter is required!	string parameter is required!	Honduras	59
string parameter is required!	string parameter is required!	string parameter is required!	withdrawal	15
string parameter is required!	string parameter is required!	string parameter is required!	haptic	85
string parameter is required!	string parameter is required!	string parameter is required!	Applications	88
string parameter is required!	string parameter is required!	string parameter is required!	Unbranded	9
string parameter is required!	string parameter is required!	string parameter is required!	architectures	44
string parameter is required!	string parameter is required!	string parameter is required!	vortals	43
string parameter is required!	string parameter is required!	string parameter is required!	cultivate	33
string parameter is required!	string parameter is required!	string parameter is required!	firewall	56
string parameter is required!	string parameter is required!	string parameter is required!	capacitor	71
string parameter is required!	string parameter is required!	string parameter is required!	Upgradable	23
string parameter is required!	string parameter is required!	string parameter is required!	multimedia	20
string parameter is required!	string parameter is required!	string parameter is required!	Turnpike	34
string parameter is required!	string parameter is required!	string parameter is required!	Chair	34
string parameter is required!	string parameter is required!	string parameter is required!	SMTP	89
string parameter is required!	string parameter is required!	string parameter is required!	Computers	84
string parameter is required!	string parameter is required!	string parameter is required!	Borders	34
string parameter is required!	string parameter is required!	string parameter is required!	Marketing	19
string parameter is required!	string parameter is required!	string parameter is required!	District	70
string parameter is required!	string parameter is required!	string parameter is required!	online	67
string parameter is required!	string parameter is required!	string parameter is required!	Intelligent	31
string parameter is required!	string parameter is required!	string parameter is required!	PNG	90
string parameter is required!	string parameter is required!	string parameter is required!	online	12
string parameter is required!	string parameter is required!	string parameter is required!	GB	82
string parameter is required!	string parameter is required!	string parameter is required!	Avon	79
string parameter is required!	string parameter is required!	string parameter is required!	Vermont	94
string parameter is required!	string parameter is required!	string parameter is required!	e-tailers	38
string parameter is required!	string parameter is required!	string parameter is required!	Practical Steel Sausages	64
string parameter is required!	string parameter is required!	string parameter is required!	customer loyalty	89
string parameter is required!	string parameter is required!	string parameter is required!	communities	59
string parameter is required!	string parameter is required!	string parameter is required!	USB	88
string parameter is required!	string parameter is required!	string parameter is required!	indexing	65
string parameter is required!	string parameter is required!	string parameter is required!	Awesome	84
string parameter is required!	string parameter is required!	string parameter is required!	Belarus	68
string parameter is required!	string parameter is required!	string parameter is required!	matrix	3
string parameter is required!	string parameter is required!	string parameter is required!	Shoes	42
string parameter is required!	string parameter is required!	string parameter is required!	Wooden	75
string parameter is required!	string parameter is required!	string parameter is required!	deposit	61
string parameter is required!	string parameter is required!	string parameter is required!	silver	3
string parameter is required!	string parameter is required!	string parameter is required!	value-added	12
string parameter is required!	string parameter is required!	string parameter is required!	Alabama	14
string parameter is required!	string parameter is required!	string parameter is required!	deposit	6
string parameter is required!	string parameter is required!	string parameter is required!	Movies	55
string parameter is required!	string parameter is required!	string parameter is required!	Bike	56
string parameter is required!	string parameter is required!	string parameter is required!	Mali	58
string parameter is required!	string parameter is required!	string parameter is required!	compelling	81
string parameter is required!	string parameter is required!	string parameter is required!	Switchable	47
string parameter is required!	string parameter is required!	string parameter is required!	Directives	82
string parameter is required!	string parameter is required!	string parameter is required!	intuitive	24
string parameter is required!	string parameter is required!	string parameter is required!	Sleek Fresh Chicken	18
string parameter is required!	string parameter is required!	string parameter is required!	seamless	50
string parameter is required!	string parameter is required!	string parameter is required!	azure	12
string parameter is required!	string parameter is required!	string parameter is required!	Marketing	60
string parameter is required!	string parameter is required!	string parameter is required!	EXE	63
string parameter is required!	string parameter is required!	string parameter is required!	wireless	96
string parameter is required!	string parameter is required!	string parameter is required!	Bedfordshire	34
string parameter is required!	string parameter is required!	string parameter is required!	1080p	61
string parameter is required!	string parameter is required!	string parameter is required!	connect	84
string parameter is required!	string parameter is required!	string parameter is required!	Investor	36
string parameter is required!	string parameter is required!	string parameter is required!	Tennessee	40
string parameter is required!	string parameter is required!	string parameter is required!	multi-byte	93
string parameter is required!	string parameter is required!	string parameter is required!	hacking	42
string parameter is required!	string parameter is required!	string parameter is required!	bluetooth	57
string parameter is required!	string parameter is required!	string parameter is required!	Car	39
string parameter is required!	string parameter is required!	string parameter is required!	Cambridgeshire	22
string parameter is required!	string parameter is required!	string parameter is required!	COM	83
string parameter is required!	string parameter is required!	string parameter is required!	Rand Loti	73
string parameter is required!	string parameter is required!	string parameter is required!	e-commerce	84
string parameter is required!	string parameter is required!	string parameter is required!	Officer	33
string parameter is required!	string parameter is required!	string parameter is required!	Refined Fresh Pizza	91
string parameter is required!	string parameter is required!	string parameter is required!	Berkshire	35
string parameter is required!	string parameter is required!	string parameter is required!	Auto Loan Account	90
string parameter is required!	string parameter is required!	string parameter is required!	Group	91
string parameter is required!	string parameter is required!	string parameter is required!	Moldova	48
string parameter is required!	string parameter is required!	string parameter is required!	contingency	10
string parameter is required!	string parameter is required!	string parameter is required!	eyeballs	87
string parameter is required!	string parameter is required!	string parameter is required!	New Mexico	10
string parameter is required!	string parameter is required!	string parameter is required!	Fantastic	97
string parameter is required!	string parameter is required!	string parameter is required!	Principal	46
string parameter is required!	string parameter is required!	string parameter is required!	ADP	87
string parameter is required!	string parameter is required!	string parameter is required!	Landing	31
string parameter is required!	string parameter is required!	string parameter is required!	Right-sized	82
string parameter is required!	string parameter is required!	string parameter is required!	Fantastic Steel Mouse	56
string parameter is required!	string parameter is required!	string parameter is required!	hack	75
string parameter is required!	string parameter is required!	string parameter is required!	FTP	49
string parameter is required!	string parameter is required!	string parameter is required!	transmit	55
string parameter is required!	string parameter is required!	string parameter is required!	Cambridgeshire	85
string parameter is required!	string parameter is required!	string parameter is required!	schemas	92
string parameter is required!	string parameter is required!	string parameter is required!	Forward	93
string parameter is required!	string parameter is required!	string parameter is required!	Rustic	72
string parameter is required!	string parameter is required!	string parameter is required!	SDD	47
string parameter is required!	string parameter is required!	string parameter is required!	Grocery	84
string parameter is required!	string parameter is required!	string parameter is required!	USB	1
string parameter is required!	string parameter is required!	string parameter is required!	Granite	39
string parameter is required!	string parameter is required!	string parameter is required!	Soap	46
string parameter is required!	string parameter is required!	string parameter is required!	withdrawal	28
string parameter is required!	string parameter is required!	string parameter is required!	payment	91
string parameter is required!	string parameter is required!	string parameter is required!	core	29
string parameter is required!	string parameter is required!	string parameter is required!	access	93
string parameter is required!	string parameter is required!	string parameter is required!	Michigan	47
string parameter is required!	string parameter is required!	string parameter is required!	responsive	37
string parameter is required!	string parameter is required!	string parameter is required!	model	87
string parameter is required!	string parameter is required!	string parameter is required!	Versatile	26
string parameter is required!	string parameter is required!	string parameter is required!	calculate	64
string parameter is required!	string parameter is required!	string parameter is required!	Customer	53
string parameter is required!	string parameter is required!	string parameter is required!	Pennsylvania	97
string parameter is required!	string parameter is required!	string parameter is required!	National	83
string parameter is required!	string parameter is required!	string parameter is required!	architect	75
string parameter is required!	string parameter is required!	string parameter is required!	Engineer	4
string parameter is required!	string parameter is required!	string parameter is required!	microchip	46
string parameter is required!	string parameter is required!	string parameter is required!	Fantastic	4
string parameter is required!	string parameter is required!	string parameter is required!	card	21
string parameter is required!	string parameter is required!	string parameter is required!	Personal Loan Account	67
string parameter is required!	string parameter is required!	string parameter is required!	engineer	25
string parameter is required!	string parameter is required!	string parameter is required!	Spring	0
string parameter is required!	string parameter is required!	string parameter is required!	cyan	89
string parameter is required!	string parameter is required!	string parameter is required!	throughput	1
string parameter is required!	string parameter is required!	string parameter is required!	Nauru	50
string parameter is required!	string parameter is required!	string parameter is required!	efficient	33
string parameter is required!	string parameter is required!	string parameter is required!	syndicate	68
string parameter is required!	string parameter is required!	string parameter is required!	Avon	44
string parameter is required!	string parameter is required!	string parameter is required!	Courts	41
string parameter is required!	string parameter is required!	string parameter is required!	tan	80
string parameter is required!	string parameter is required!	string parameter is required!	Keyboard	22
string parameter is required!	string parameter is required!	string parameter is required!	Oregon	93
string parameter is required!	string parameter is required!	string parameter is required!	Prairie	76
string parameter is required!	string parameter is required!	string parameter is required!	deposit	64
string parameter is required!	string parameter is required!	string parameter is required!	Chips	97
string parameter is required!	string parameter is required!	string parameter is required!	Delaware	14
string parameter is required!	string parameter is required!	string parameter is required!	California	11
string parameter is required!	string parameter is required!	string parameter is required!	Facilitator	90
string parameter is required!	string parameter is required!	string parameter is required!	Engineer	37
string parameter is required!	string parameter is required!	string parameter is required!	Awesome	51
string parameter is required!	string parameter is required!	string parameter is required!	Creative	83
string parameter is required!	string parameter is required!	string parameter is required!	fuchsia	55
string parameter is required!	string parameter is required!	string parameter is required!	array	64
string parameter is required!	string parameter is required!	string parameter is required!	salmon	33
string parameter is required!	string parameter is required!	string parameter is required!	Re-contextualized	53
string parameter is required!	string parameter is required!	string parameter is required!	Security	96
string parameter is required!	string parameter is required!	string parameter is required!	asynchronous	65
string parameter is required!	string parameter is required!	string parameter is required!	Luxembourg	64
string parameter is required!	string parameter is required!	string parameter is required!	Egypt	46
string parameter is required!	string parameter is required!	string parameter is required!	conglomeration	24
string parameter is required!	string parameter is required!	string parameter is required!	Streamlined	96
string parameter is required!	string parameter is required!	string parameter is required!	Tasty	8
string parameter is required!	string parameter is required!	string parameter is required!	expedite	81
string parameter is required!	string parameter is required!	string parameter is required!	Sausages	33
string parameter is required!	string parameter is required!	string parameter is required!	pricing structure	67
string parameter is required!	string parameter is required!	string parameter is required!	Sleek Plastic Pizza	88
string parameter is required!	string parameter is required!	string parameter is required!	modular	65
string parameter is required!	string parameter is required!	string parameter is required!	Money Market Account	63
